task_id,prompt_label,candidate_index,model
A1,A1_Q01_Fluency,1,Qwen
A1,A1_Q01_Fluency,2,DeepSeek
A1,A1_Q01_Fluency,3,Gemini
A1,A1_Q01_Fluency,4,Flash
A1,A1_Q02_Coherence,1,DeepSeek
A1,A1_Q02_Coherence,2,Flash
A1,A1_Q02_Coherence,3,Qwen
A1,A1_Q02_Coherence,4,Gemini
A1,A1_Q03_Conciseness,1,DeepSeek
A1,A1_Q03_Conciseness,2,Gemini
A1,A1_Q03_Conciseness,3,Qwen
A1,A1_Q03_Conciseness,4,Flash
A1,A1_Q04_Accuracy,1,Qwen
A1,A1_Q04_Accuracy,2,Flash
A1,A1_Q04_Accuracy,3,Gemini
A1,A1_Q04_Accuracy,4,DeepSeek
A1,A1_Q05_Sentimentmatch,1,Flash
A1,A1_Q05_Sentimentmatch,2,Gemini
A1,A1_Q05_Sentimentmatch,3,DeepSeek
A1,A1_Q05_Sentimentmatch,4,Qwen
A1,A1_Q06_Motivationaltone,1,Flash
A1,A1_Q06_Motivationaltone,2,Qwen
A1,A1_Q06_Motivationaltone,3,Gemini
A1,A1_Q06_Motivationaltone,4,DeepSeek
A1,A1_Q07_Constructiveness,1,DeepSeek
A1,A1_Q07_Constructiveness,2,Qwen
A1,A1_Q07_Constructiveness,3,Flash
A1,A1_Q07_Constructiveness,4,Gemini
A1,A1_Q08_Finalchoice,1,Qwen
A1,A1_Q08_Finalchoice,2,Gemini
A1,A1_Q08_Finalchoice,3,Flash
A1,A1_Q08_Finalchoice,4,DeepSeek
A5,A5_Q01_Fluency,1,DeepSeek
A5,A5_Q01_Fluency,2,Flash
A5,A5_Q01_Fluency,3,Gemini
A5,A5_Q01_Fluency,4,Qwen
A5,A5_Q02_Coherence,1,DeepSeek
A5,A5_Q02_Coherence,2,Qwen
A5,A5_Q02_Coherence,3,Flash
A5,A5_Q02_Coherence,4,Gemini
A5,A5_Q03_Conciseness,1,Qwen
A5,A5_Q03_Conciseness,2,Gemini
A5,A5_Q03_Conciseness,3,DeepSeek
A5,A5_Q03_Conciseness,4,Flash
A5,A5_Q04_Accuracy,1,Qwen
A5,A5_Q04_Accuracy,2,DeepSeek
A5,A5_Q04_Accuracy,3,Flash
A5,A5_Q04_Accuracy,4,Gemini
A5,A5_Q05_Sentimentmatch,1,Qwen
A5,A5_Q05_Sentimentmatch,2,Flash
A5,A5_Q05_Sentimentmatch,3,Gemini
A5,A5_Q05_Sentimentmatch,4,DeepSeek
A5,A5_Q06_Motivationaltone,1,DeepSeek
A5,A5_Q06_Motivationaltone,2,Qwen
A5,A5_Q06_Motivationaltone,3,Gemini
A5,A5_Q06_Motivationaltone,4,Flash
A5,A5_Q07_Constructiveness,1,DeepSeek
A5,A5_Q07_Constructiveness,2,Qwen
A5,A5_Q07_Constructiveness,3,Flash
A5,A5_Q07_Constructiveness,4,Gemini
A5,A5_Q08_Finalchoice,1,Gemini
A5,A5_Q08_Finalchoice,2,DeepSeek
A5,A5_Q08_Finalchoice,3,Flash
A5,A5_Q08_Finalchoice,4,Qwen
A9,A9_Q01_Fluency,1,Gemini
A9,A9_Q01_Fluency,2,Qwen
A9,A9_Q01_Fluency,3,DeepSeek
A9,A9_Q01_Fluency,4,Flash
A9,A9_Q02_Coherence,1,Qwen
A9,A9_Q02_Coherence,2,Gemini
A9,A9_Q02_Coherence,3,DeepSeek
A9,A9_Q02_Coherence,4,Flash
A9,A9_Q03_Conciseness,1,Qwen
A9,A9_Q03_Conciseness,2,Gemini
A9,A9_Q03_Conciseness,3,Flash
A9,A9_Q03_Conciseness,4,DeepSeek
A9,A9_Q04_Accuracy,1,Qwen
A9,A9_Q04_Accuracy,2,DeepSeek
A9,A9_Q04_Accuracy,3,Flash
A9,A9_Q04_Accuracy,4,Gemini
A9,A9_Q05_Sentimentmatch,1,Gemini
A9,A9_Q05_Sentimentmatch,2,Flash
A9,A9_Q05_Sentimentmatch,3,DeepSeek
A9,A9_Q05_Sentimentmatch,4,Qwen
A9,A9_Q06_Motivationaltone,1,DeepSeek
A9,A9_Q06_Motivationaltone,2,Gemini
A9,A9_Q06_Motivationaltone,3,Qwen
A9,A9_Q06_Motivationaltone,4,Flash
A9,A9_Q07_Constructiveness,1,Qwen
A9,A9_Q07_Constructiveness,2,DeepSeek
A9,A9_Q07_Constructiveness,3,Flash
A9,A9_Q07_Constructiveness,4,Gemini
A9,A9_Q08_Finalchoice,1,Flash
A9,A9_Q08_Finalchoice,2,Gemini
A9,A9_Q08_Finalchoice,3,Qwen
A9,A9_Q08_Finalchoice,4,DeepSeek
A10,A10_Q01_Fluency,1,Flash
A10,A10_Q01_Fluency,2,Gemini
A10,A10_Q01_Fluency,3,DeepSeek
A10,A10_Q01_Fluency,4,Qwen
A10,A10_Q02_Coherence,1,Qwen
A10,A10_Q02_Coherence,2,DeepSeek
A10,A10_Q02_Coherence,3,Flash
A10,A10_Q02_Coherence,4,Gemini
A10,A10_Q03_Conciseness,1,Gemini
A10,A10_Q03_Conciseness,2,DeepSeek
A10,A10_Q03_Conciseness,3,Qwen
A10,A10_Q03_Conciseness,4,Flash
A10,A10_Q04_Accuracy,1,Gemini
A10,A10_Q04_Accuracy,2,DeepSeek
A10,A10_Q04_Accuracy,3,Flash
A10,A10_Q04_Accuracy,4,Qwen
A10,A10_Q05_Sentimentmatch,1,Flash
A10,A10_Q05_Sentimentmatch,2,DeepSeek
A10,A10_Q05_Sentimentmatch,3,Qwen
A10,A10_Q05_Sentimentmatch,4,Gemini
A10,A10_Q06_Motivationaltone,1,DeepSeek
A10,A10_Q06_Motivationaltone,2,Gemini
A10,A10_Q06_Motivationaltone,3,Flash
A10,A10_Q06_Motivationaltone,4,Qwen
A10,A10_Q07_Constructiveness,1,Qwen
A10,A10_Q07_Constructiveness,2,DeepSeek
A10,A10_Q07_Constructiveness,3,Flash
A10,A10_Q07_Constructiveness,4,Gemini
A10,A10_Q08_Finalchoice,1,Gemini
A10,A10_Q08_Finalchoice,2,Flash
A10,A10_Q08_Finalchoice,3,DeepSeek
A10,A10_Q08_Finalchoice,4,Qwen
A15,A15_Q01_Fluency,1,Qwen
A15,A15_Q01_Fluency,2,DeepSeek
A15,A15_Q01_Fluency,3,Gemini
A15,A15_Q01_Fluency,4,Flash
A15,A15_Q02_Coherence,1,DeepSeek
A15,A15_Q02_Coherence,2,Qwen
A15,A15_Q02_Coherence,3,Gemini
A15,A15_Q02_Coherence,4,Flash
A15,A15_Q03_Conciseness,1,DeepSeek
A15,A15_Q03_Conciseness,2,Flash
A15,A15_Q03_Conciseness,3,Gemini
A15,A15_Q03_Conciseness,4,Qwen
A15,A15_Q04_Accuracy,1,DeepSeek
A15,A15_Q04_Accuracy,2,Qwen
A15,A15_Q04_Accuracy,3,Gemini
A15,A15_Q04_Accuracy,4,Flash
A15,A15_Q05_Sentimentmatch,1,Gemini
A15,A15_Q05_Sentimentmatch,2,Flash
A15,A15_Q05_Sentimentmatch,3,DeepSeek
A15,A15_Q05_Sentimentmatch,4,Qwen
A15,A15_Q06_Motivationaltone,1,Flash
A15,A15_Q06_Motivationaltone,2,DeepSeek
A15,A15_Q06_Motivationaltone,3,Qwen
A15,A15_Q06_Motivationaltone,4,Gemini
A15,A15_Q07_Constructiveness,1,Gemini
A15,A15_Q07_Constructiveness,2,DeepSeek
A15,A15_Q07_Constructiveness,3,Flash
A15,A15_Q07_Constructiveness,4,Qwen
A15,A15_Q08_Finalchoice,1,Gemini
A15,A15_Q08_Finalchoice,2,Flash
A15,A15_Q08_Finalchoice,3,Qwen
A15,A15_Q08_Finalchoice,4,DeepSeek
A17,A17_Q01_Fluency,1,Gemini
A17,A17_Q01_Fluency,2,Flash
A17,A17_Q01_Fluency,3,DeepSeek
A17,A17_Q01_Fluency,4,Qwen
A17,A17_Q02_Coherence,1,Qwen
A17,A17_Q02_Coherence,2,Flash
A17,A17_Q02_Coherence,3,Gemini
A17,A17_Q02_Coherence,4,DeepSeek
A17,A17_Q03_Conciseness,1,Qwen
A17,A17_Q03_Conciseness,2,Flash
A17,A17_Q03_Conciseness,3,Gemini
A17,A17_Q03_Conciseness,4,DeepSeek
A17,A17_Q04_Accuracy,1,Flash
A17,A17_Q04_Accuracy,2,Qwen
A17,A17_Q04_Accuracy,3,Gemini
A17,A17_Q04_Accuracy,4,DeepSeek
A17,A17_Q05_Sentimentmatch,1,Gemini
A17,A17_Q05_Sentimentmatch,2,Flash
A17,A17_Q05_Sentimentmatch,3,Qwen
A17,A17_Q05_Sentimentmatch,4,DeepSeek
A17,A17_Q06_Motivationaltone,1,Flash
A17,A17_Q06_Motivationaltone,2,DeepSeek
A17,A17_Q06_Motivationaltone,3,Qwen
A17,A17_Q06_Motivationaltone,4,Gemini
A17,A17_Q07_Constructiveness,1,Gemini
A17,A17_Q07_Constructiveness,2,DeepSeek
A17,A17_Q07_Constructiveness,3,Qwen
A17,A17_Q07_Constructiveness,4,Flash
A17,A17_Q08_Finalchoice,1,Qwen
A17,A17_Q08_Finalchoice,2,Gemini
A17,A17_Q08_Finalchoice,3,Flash
A17,A17_Q08_Finalchoice,4,DeepSeek
