scope,evaluator_id,task_type,criterion,spearman_rho,N
ALL,ALL,ALL,Constructiveness,0.5063235051459669,340
ALL,ALL,ALL,Coherence,0.4937699990617225,340
ALL,ALL,ALL,Fluency,0.47011974362375714,340
ALL,ALL,ALL,Sentiment,0.3876429659922932,340
ALL,ALL,ALL,Motivational,0.3827430543197974,340
ALL,ALL,ALL,Accuracy,0.0905840701955867,264
ALL,ALL,ALL,Conciseness,0.052368180097516155,340
EVALUATOR,a1,ALL,Fluency,0.7000000000000002,24
EVALUATOR,a1,ALL,Coherence,0.7000000000000002,24
EVALUATOR,a1,ALL,Motivational,0.5000000000000001,24
EVALUATOR,a1,ALL,Constructiveness,0.46666666666666673,24
EVALUATOR,a1,ALL,Sentiment,0.4,24
EVALUATOR,a1,ALL,Conciseness,0.2,24
EVALUATOR,a1,ALL,Accuracy,0.09169605067183788,21
EVALUATOR,a2,ALL,Fluency,0.5000000000000001,24
EVALUATOR,a2,ALL,Coherence,0.5000000000000001,24
EVALUATOR,a2,ALL,Accuracy,0.4955682511401451,16
EVALUATOR,a2,ALL,Constructiveness,0.30000000000000004,24
EVALUATOR,a2,ALL,Motivational,0.13333333333333336,24
EVALUATOR,a2,ALL,Sentiment,0.13333333333333336,24
EVALUATOR,a2,ALL,Conciseness,-0.23333333333333336,24
EVALUATOR,a3,ALL,Coherence,0.8333333333333335,24
EVALUATOR,a3,ALL,Sentiment,0.7666666666666667,24
EVALUATOR,a3,ALL,Constructiveness,0.7333333333333334,24
EVALUATOR,a3,ALL,Fluency,0.5666666666666669,24
EVALUATOR,a3,ALL,Motivational,0.5000000000000001,24
EVALUATOR,a3,ALL,Accuracy,0.06666666666666668,24
EVALUATOR,a3,ALL,Conciseness,0.0,24
EVALUATOR,a4,ALL,Constructiveness,0.6000000000000001,24
EVALUATOR,a4,ALL,Coherence,0.5666666666666669,24
EVALUATOR,a4,ALL,Motivational,0.5000000000000001,24
EVALUATOR,a4,ALL,Fluency,0.3666666666666667,24
EVALUATOR,a4,ALL,Conciseness,0.23333333333333336,24
EVALUATOR,a4,ALL,Sentiment,0.1666666666666667,24
EVALUATOR,a4,ALL,Accuracy,-0.11412608882697851,14
EVALUATOR,a5,ALL,Sentiment,0.5000000000000001,24
EVALUATOR,a5,ALL,Accuracy,0.3609756067441619,22
EVALUATOR,a5,ALL,Constructiveness,0.3333333333333334,24
EVALUATOR,a5,ALL,Conciseness,0.1,24
EVALUATOR,a5,ALL,Coherence,0.06666666666666668,24
EVALUATOR,a5,ALL,Fluency,0.03333333333333334,24
EVALUATOR,a5,ALL,Motivational,-0.03333333333333334,24
EVALUATOR,b1,ALL,Coherence,0.9000000000000001,24
EVALUATOR,b1,ALL,Fluency,0.8333333333333335,24
EVALUATOR,b1,ALL,Constructiveness,0.8,24
EVALUATOR,b1,ALL,Motivational,0.7000000000000002,24
EVALUATOR,b1,ALL,Sentiment,0.5333333333333334,24
EVALUATOR,b1,ALL,Conciseness,0.0,24
EVALUATOR,b1,ALL,Accuracy,-0.09352760024870505,22
EVALUATOR,b2,ALL,Constructiveness,0.6666666666666669,24
EVALUATOR,b2,ALL,Fluency,0.6333333333333335,24
EVALUATOR,b2,ALL,Coherence,0.5000000000000001,24
EVALUATOR,b2,ALL,Motivational,0.5000000000000001,24
EVALUATOR,b2,ALL,Sentiment,0.3666666666666667,24
EVALUATOR,b2,ALL,Conciseness,0.23333333333333336,24
EVALUATOR,b2,ALL,Accuracy,-0.3552631578947368,16
EVALUATOR,b3,ALL,Constructiveness,0.8333333333333335,24
EVALUATOR,b3,ALL,Coherence,0.7000000000000002,24
EVALUATOR,b3,ALL,Fluency,0.6333333333333335,24
EVALUATOR,b3,ALL,Sentiment,0.1,24
EVALUATOR,b3,ALL,Accuracy,-0.021249857850547442,17
EVALUATOR,b3,ALL,Motivational,-0.1666666666666667,24
EVALUATOR,b3,ALL,Conciseness,-0.4,24
EVALUATOR,b4,ALL,Sentiment,0.6000000000000001,24
EVALUATOR,b4,ALL,Coherence,0.5666666666666669,24
EVALUATOR,b4,ALL,Conciseness,0.5666666666666669,24
EVALUATOR,b4,ALL,Motivational,0.5333333333333334,24
EVALUATOR,b4,ALL,Constructiveness,0.46666666666666673,24
EVALUATOR,b4,ALL,Fluency,0.03333333333333334,24
EVALUATOR,b4,ALL,Accuracy,-0.06278090029174034,18
EVALUATOR,b5,ALL,Fluency,0.8800000000000001,20
EVALUATOR,b5,ALL,Coherence,0.8800000000000001,20
EVALUATOR,b5,ALL,Constructiveness,0.6400000000000001,20
EVALUATOR,b5,ALL,Motivational,0.5200000000000001,20
EVALUATOR,b5,ALL,Sentiment,0.40000000000000013,20
EVALUATOR,b5,ALL,Accuracy,0.16000000000000003,20
EVALUATOR,b5,ALL,Conciseness,-0.40000000000000013,20
EVALUATOR,c1,ALL,Motivational,0.5000000000000001,24
EVALUATOR,c1,ALL,Coherence,0.46666666666666673,24
EVALUATOR,c1,ALL,Conciseness,0.30000000000000004,24
EVALUATOR,c1,ALL,Constructiveness,0.30000000000000004,24
EVALUATOR,c1,ALL,Sentiment,0.23333333333333336,24
EVALUATOR,c1,ALL,Fluency,0.1,24
EVALUATOR,c1,ALL,Accuracy,-0.2755757997308197,19
EVALUATOR,c2,ALL,Conciseness,0.9,8
EVALUATOR,c2,ALL,Motivational,0.8,8
EVALUATOR,c2,ALL,Sentiment,0.8,8
EVALUATOR,c2,ALL,Coherence,0.7000000000000001,8
EVALUATOR,c2,ALL,Fluency,0.30000000000000004,8
EVALUATOR,c2,ALL,Accuracy,0.0,8
EVALUATOR,c2,ALL,Constructiveness,-0.2,8
EVALUATOR,c3,ALL,Fluency,0.7000000000000002,24
EVALUATOR,c3,ALL,Constructiveness,0.43333333333333335,24
EVALUATOR,c3,ALL,Sentiment,0.3666666666666667,24
EVALUATOR,c3,ALL,Coherence,0.3333333333333334,24
EVALUATOR,c3,ALL,Motivational,0.30000000000000004,24
EVALUATOR,c3,ALL,Accuracy,0.09151322409737606,17
EVALUATOR,c3,ALL,Conciseness,0.06666666666666668,24
EVALUATOR,c4,ALL,Constructiveness,0.6666666666666669,24
EVALUATOR,c4,ALL,Motivational,0.5000000000000001,24
EVALUATOR,c4,ALL,Accuracy,0.49029033784546006,16
EVALUATOR,c4,ALL,Sentiment,0.3666666666666667,24
EVALUATOR,c4,ALL,Coherence,0.3333333333333334,24
EVALUATOR,c4,ALL,Conciseness,0.3333333333333334,24
EVALUATOR,c4,ALL,Fluency,0.1,24
EVALUATOR,c5,ALL,Fluency,0.6666666666666669,24
EVALUATOR,c5,ALL,Sentiment,0.5666666666666669,24
EVALUATOR,c5,ALL,Accuracy,0.5214759255517544,14
EVALUATOR,c5,ALL,Motivational,0.2666666666666667,24
EVALUATOR,c5,ALL,Constructiveness,0.2,24
EVALUATOR,c5,ALL,Coherence,-0.2,24
EVALUATOR,c5,ALL,Conciseness,-0.4,24
EVALUATOR_TASK,a1,Idea-to-Text,Fluency,0.8,8
EVALUATOR_TASK,a1,Idea-to-Text,Coherence,0.8,8
EVALUATOR_TASK,a1,Idea-to-Text,Constructiveness,0.8,8
EVALUATOR_TASK,a1,Idea-to-Text,Motivational,0.8,8
EVALUATOR_TASK,a1,Idea-to-Text,Conciseness,0.7000000000000001,8
EVALUATOR_TASK,a1,Idea-to-Text,Sentiment,0.30000000000000004,8
EVALUATOR_TASK,a1,Idea-to-Text,Accuracy,-0.4242424242424242,6
EVALUATOR_TASK,a1,Interpret,Coherence,0.6000000000000001,8
EVALUATOR_TASK,a1,Interpret,Accuracy,0.6000000000000001,8
EVALUATOR_TASK,a1,Interpret,Fluency,0.4,8
EVALUATOR_TASK,a1,Interpret,Motivational,0.4,8
EVALUATOR_TASK,a1,Interpret,Sentiment,0.4,8
EVALUATOR_TASK,a1,Interpret,Conciseness,0.30000000000000004,8
EVALUATOR_TASK,a1,Interpret,Constructiveness,0.2,8
EVALUATOR_TASK,a1,Summarise,Fluency,0.9,8
EVALUATOR_TASK,a1,Summarise,Coherence,0.7000000000000001,8
EVALUATOR_TASK,a1,Summarise,Sentiment,0.5,8
EVALUATOR_TASK,a1,Summarise,Constructiveness,0.4,8
EVALUATOR_TASK,a1,Summarise,Motivational,0.30000000000000004,8
EVALUATOR_TASK,a1,Summarise,Accuracy,0.05607721540920444,7
EVALUATOR_TASK,a1,Summarise,Conciseness,-0.4,8
EVALUATOR_TASK,a2,Idea-to-Text,Accuracy,0.6666666666666666,5
EVALUATOR_TASK,a2,Idea-to-Text,Fluency,0.6000000000000001,8
EVALUATOR_TASK,a2,Idea-to-Text,Coherence,0.1,8
EVALUATOR_TASK,a2,Idea-to-Text,Constructiveness,0.1,8
EVALUATOR_TASK,a2,Idea-to-Text,Sentiment,-0.2,8
EVALUATOR_TASK,a2,Idea-to-Text,Motivational,-0.30000000000000004,8
EVALUATOR_TASK,a2,Idea-to-Text,Conciseness,-0.4,8
EVALUATOR_TASK,a2,Interpret,Sentiment,0.7000000000000001,8
EVALUATOR_TASK,a2,Interpret,Coherence,0.5,8
EVALUATOR_TASK,a2,Interpret,Motivational,0.4,8
EVALUATOR_TASK,a2,Interpret,Constructiveness,0.30000000000000004,8
EVALUATOR_TASK,a2,Interpret,Fluency,0.2,8
EVALUATOR_TASK,a2,Interpret,Conciseness,-0.2,8
EVALUATOR_TASK,a2,Interpret,Accuracy,-0.38888888888888895,4
EVALUATOR_TASK,a2,Summarise,Accuracy,0.9906974722292784,7
EVALUATOR_TASK,a2,Summarise,Coherence,0.9,8
EVALUATOR_TASK,a2,Summarise,Fluency,0.7000000000000001,8
EVALUATOR_TASK,a2,Summarise,Constructiveness,0.5,8
EVALUATOR_TASK,a2,Summarise,Motivational,0.30000000000000004,8
EVALUATOR_TASK,a2,Summarise,Conciseness,-0.1,8
EVALUATOR_TASK,a2,Summarise,Sentiment,-0.1,8
EVALUATOR_TASK,a3,Idea-to-Text,Fluency,1.0,8
EVALUATOR_TASK,a3,Idea-to-Text,Coherence,1.0,8
EVALUATOR_TASK,a3,Idea-to-Text,Sentiment,1.0,8
EVALUATOR_TASK,a3,Idea-to-Text,Constructiveness,0.8,8
EVALUATOR_TASK,a3,Idea-to-Text,Conciseness,0.6000000000000001,8
EVALUATOR_TASK,a3,Idea-to-Text,Motivational,0.1,8
EVALUATOR_TASK,a3,Idea-to-Text,Accuracy,-0.2,8
EVALUATOR_TASK,a3,Interpret,Fluency,0.7000000000000001,8
EVALUATOR_TASK,a3,Interpret,Coherence,0.7000000000000001,8
EVALUATOR_TASK,a3,Interpret,Sentiment,0.6000000000000001,8
EVALUATOR_TASK,a3,Interpret,Accuracy,0.5,8
EVALUATOR_TASK,a3,Interpret,Constructiveness,0.5,8
EVALUATOR_TASK,a3,Interpret,Motivational,0.5,8
EVALUATOR_TASK,a3,Interpret,Conciseness,0.2,8
EVALUATOR_TASK,a3,Summarise,Constructiveness,0.9,8
EVALUATOR_TASK,a3,Summarise,Motivational,0.9,8
EVALUATOR_TASK,a3,Summarise,Coherence,0.8,8
EVALUATOR_TASK,a3,Summarise,Sentiment,0.7000000000000001,8
EVALUATOR_TASK,a3,Summarise,Fluency,0.0,8
EVALUATOR_TASK,a3,Summarise,Accuracy,-0.1,8
EVALUATOR_TASK,a3,Summarise,Conciseness,-0.8,8
EVALUATOR_TASK,a4,Idea-to-Text,Motivational,0.8,8
EVALUATOR_TASK,a4,Idea-to-Text,Coherence,0.5,8
EVALUATOR_TASK,a4,Idea-to-Text,Constructiveness,0.5,8
EVALUATOR_TASK,a4,Idea-to-Text,Conciseness,0.4,8
EVALUATOR_TASK,a4,Idea-to-Text,Sentiment,0.1,8
EVALUATOR_TASK,a4,Idea-to-Text,Fluency,-0.4,8
EVALUATOR_TASK,a4,Idea-to-Text,Accuracy,-0.8660254037844387,3
EVALUATOR_TASK,a4,Interpret,Fluency,0.6000000000000001,8
EVALUATOR_TASK,a4,Interpret,Coherence,0.6000000000000001,8
EVALUATOR_TASK,a4,Interpret,Conciseness,0.5,8
EVALUATOR_TASK,a4,Interpret,Constructiveness,0.4,8
EVALUATOR_TASK,a4,Interpret,Sentiment,0.2,8
EVALUATOR_TASK,a4,Interpret,Accuracy,0.0,5
EVALUATOR_TASK,a4,Interpret,Motivational,-0.2,8
EVALUATOR_TASK,a4,Summarise,Fluency,0.9,8
EVALUATOR_TASK,a4,Summarise,Constructiveness,0.9,8
EVALUATOR_TASK,a4,Summarise,Motivational,0.9,8
EVALUATOR_TASK,a4,Summarise,Coherence,0.6000000000000001,8
EVALUATOR_TASK,a4,Summarise,Sentiment,0.2,8
EVALUATOR_TASK,a4,Summarise,Accuracy,0.030303030303030297,6
EVALUATOR_TASK,a4,Summarise,Conciseness,-0.2,8
EVALUATOR_TASK,a5,Idea-to-Text,Sentiment,0.9,8
EVALUATOR_TASK,a5,Idea-to-Text,Accuracy,0.8,8
EVALUATOR_TASK,a5,Idea-to-Text,Conciseness,0.6000000000000001,8
EVALUATOR_TASK,a5,Idea-to-Text,Coherence,0.4,8
EVALUATOR_TASK,a5,Idea-to-Text,Constructiveness,0.0,8
EVALUATOR_TASK,a5,Idea-to-Text,Fluency,-0.30000000000000004,8
EVALUATOR_TASK,a5,Idea-to-Text,Motivational,-0.6000000000000001,8
EVALUATOR_TASK,a5,Interpret,Constructiveness,0.4,8
EVALUATOR_TASK,a5,Interpret,Conciseness,0.1,8
EVALUATOR_TASK,a5,Interpret,Motivational,0.1,8
EVALUATOR_TASK,a5,Interpret,Accuracy,0.02803860770460222,7
EVALUATOR_TASK,a5,Interpret,Fluency,0.0,8
EVALUATOR_TASK,a5,Interpret,Coherence,-0.2,8
EVALUATOR_TASK,a5,Interpret,Sentiment,-0.30000000000000004,8
EVALUATOR_TASK,a5,Summarise,Sentiment,0.9,8
EVALUATOR_TASK,a5,Summarise,Constructiveness,0.6000000000000001,8
EVALUATOR_TASK,a5,Summarise,Fluency,0.4,8
EVALUATOR_TASK,a5,Summarise,Motivational,0.4,8
EVALUATOR_TASK,a5,Summarise,Accuracy,0.1401930385230111,7
EVALUATOR_TASK,a5,Summarise,Coherence,0.0,8
EVALUATOR_TASK,a5,Summarise,Conciseness,-0.4,8
EVALUATOR_TASK,b1,Idea-to-Text,Fluency,1.0,8
EVALUATOR_TASK,b1,Idea-to-Text,Coherence,1.0,8
EVALUATOR_TASK,b1,Idea-to-Text,Constructiveness,1.0,8
EVALUATOR_TASK,b1,Idea-to-Text,Motivational,0.8,8
EVALUATOR_TASK,b1,Idea-to-Text,Accuracy,0.6916189900468547,7
EVALUATOR_TASK,b1,Idea-to-Text,Sentiment,0.5,8
EVALUATOR_TASK,b1,Idea-to-Text,Conciseness,0.1,8
EVALUATOR_TASK,b1,Interpret,Coherence,0.8,8
EVALUATOR_TASK,b1,Interpret,Sentiment,0.8,8
EVALUATOR_TASK,b1,Interpret,Motivational,0.7000000000000001,8
EVALUATOR_TASK,b1,Interpret,Fluency,0.6000000000000001,8
EVALUATOR_TASK,b1,Interpret,Constructiveness,0.5,8
EVALUATOR_TASK,b1,Interpret,Conciseness,-0.1,8
EVALUATOR_TASK,b1,Interpret,Accuracy,-0.6000000000000001,8
EVALUATOR_TASK,b1,Summarise,Fluency,0.9,8
EVALUATOR_TASK,b1,Summarise,Coherence,0.9,8
EVALUATOR_TASK,b1,Summarise,Constructiveness,0.9,8
EVALUATOR_TASK,b1,Summarise,Motivational,0.6000000000000001,8
EVALUATOR_TASK,b1,Summarise,Sentiment,0.30000000000000004,8
EVALUATOR_TASK,b1,Summarise,Conciseness,0.0,8
EVALUATOR_TASK,b1,Summarise,Accuracy,-0.24300126677321923,7
EVALUATOR_TASK,b2,Idea-to-Text,Fluency,0.9,8
EVALUATOR_TASK,b2,Idea-to-Text,Constructiveness,0.9,8
EVALUATOR_TASK,b2,Idea-to-Text,Motivational,0.8,8
EVALUATOR_TASK,b2,Idea-to-Text,Coherence,0.6000000000000001,8
EVALUATOR_TASK,b2,Idea-to-Text,Conciseness,0.6000000000000001,8
EVALUATOR_TASK,b2,Idea-to-Text,Sentiment,0.6000000000000001,8
EVALUATOR_TASK,b2,Idea-to-Text,Accuracy,-0.10606060606060605,6
EVALUATOR_TASK,b2,Interpret,Motivational,1.0,8
EVALUATOR_TASK,b2,Interpret,Fluency,0.8,8
EVALUATOR_TASK,b2,Interpret,Constructiveness,0.8,8
EVALUATOR_TASK,b2,Interpret,Coherence,0.30000000000000004,8
EVALUATOR_TASK,b2,Interpret,Sentiment,0.30000000000000004,8
EVALUATOR_TASK,b2,Interpret,Conciseness,0.1,8
EVALUATOR_TASK,b2,Interpret,Accuracy,0.0,4
EVALUATOR_TASK,b2,Summarise,Coherence,0.6000000000000001,8
EVALUATOR_TASK,b2,Summarise,Constructiveness,0.30000000000000004,8
EVALUATOR_TASK,b2,Summarise,Fluency,0.2,8
EVALUATOR_TASK,b2,Summarise,Sentiment,0.2,8
EVALUATOR_TASK,b2,Summarise,Conciseness,0.0,8
EVALUATOR_TASK,b2,Summarise,Motivational,-0.30000000000000004,8
EVALUATOR_TASK,b2,Summarise,Accuracy,-0.8333333333333331,6
EVALUATOR_TASK,b3,Idea-to-Text,Constructiveness,0.9,8
EVALUATOR_TASK,b3,Idea-to-Text,Coherence,0.7000000000000001,8
EVALUATOR_TASK,b3,Idea-to-Text,Fluency,0.5,8
EVALUATOR_TASK,b3,Idea-to-Text,Sentiment,0.0,8
EVALUATOR_TASK,b3,Idea-to-Text,Conciseness,-0.2,8
EVALUATOR_TASK,b3,Idea-to-Text,Accuracy,-0.2,8
EVALUATOR_TASK,b3,Idea-to-Text,Motivational,-0.6000000000000001,8
EVALUATOR_TASK,b3,Interpret,Fluency,0.8,8
EVALUATOR_TASK,b3,Interpret,Constructiveness,0.8,8
EVALUATOR_TASK,b3,Interpret,Coherence,0.7000000000000001,8
EVALUATOR_TASK,b3,Interpret,Sentiment,0.5,8
EVALUATOR_TASK,b3,Interpret,Motivational,0.30000000000000004,8
EVALUATOR_TASK,b3,Interpret,Accuracy,-0.4472135954999579,4
EVALUATOR_TASK,b3,Interpret,Conciseness,-0.8,8
EVALUATOR_TASK,b3,Summarise,Constructiveness,0.8,8
EVALUATOR_TASK,b3,Summarise,Coherence,0.7000000000000001,8
EVALUATOR_TASK,b3,Summarise,Fluency,0.6000000000000001,8
EVALUATOR_TASK,b3,Summarise,Accuracy,0.5833333333333334,5
EVALUATOR_TASK,b3,Summarise,Conciseness,-0.2,8
EVALUATOR_TASK,b3,Summarise,Motivational,-0.2,8
EVALUATOR_TASK,b3,Summarise,Sentiment,-0.2,8
EVALUATOR_TASK,b4,Idea-to-Text,Accuracy,1.0,4
EVALUATOR_TASK,b4,Idea-to-Text,Motivational,1.0,8
EVALUATOR_TASK,b4,Idea-to-Text,Sentiment,1.0,8
EVALUATOR_TASK,b4,Idea-to-Text,Coherence,0.8,8
EVALUATOR_TASK,b4,Idea-to-Text,Conciseness,0.7000000000000001,8
EVALUATOR_TASK,b4,Idea-to-Text,Constructiveness,0.7000000000000001,8
EVALUATOR_TASK,b4,Idea-to-Text,Fluency,-0.1,8
EVALUATOR_TASK,b4,Interpret,Coherence,0.7000000000000001,8
EVALUATOR_TASK,b4,Interpret,Conciseness,0.7000000000000001,8
EVALUATOR_TASK,b4,Interpret,Constructiveness,0.7000000000000001,8
EVALUATOR_TASK,b4,Interpret,Motivational,0.7000000000000001,8
EVALUATOR_TASK,b4,Interpret,Sentiment,0.7000000000000001,8
EVALUATOR_TASK,b4,Interpret,Accuracy,-0.00934620256820074,7
EVALUATOR_TASK,b4,Interpret,Fluency,-0.1,8
EVALUATOR_TASK,b4,Summarise,Fluency,0.30000000000000004,8
EVALUATOR_TASK,b4,Summarise,Conciseness,0.30000000000000004,8
EVALUATOR_TASK,b4,Summarise,Coherence,0.2,8
EVALUATOR_TASK,b4,Summarise,Sentiment,0.1,8
EVALUATOR_TASK,b4,Summarise,Constructiveness,0.0,8
EVALUATOR_TASK,b4,Summarise,Motivational,-0.1,8
EVALUATOR_TASK,b4,Summarise,Accuracy,-0.5888107617966466,7
EVALUATOR_TASK,b5,Idea-to-Text,Fluency,0.9,8
EVALUATOR_TASK,b5,Idea-to-Text,Coherence,0.8,8
EVALUATOR_TASK,b5,Idea-to-Text,Constructiveness,0.8,8
EVALUATOR_TASK,b5,Idea-to-Text,Sentiment,0.30000000000000004,8
EVALUATOR_TASK,b5,Idea-to-Text,Conciseness,-0.1,8
EVALUATOR_TASK,b5,Idea-to-Text,Motivational,-0.1,8
EVALUATOR_TASK,b5,Idea-to-Text,Accuracy,-0.2,8
EVALUATOR_TASK,b5,Interpret,Fluency,0.9,8
EVALUATOR_TASK,b5,Interpret,Coherence,0.9,8
EVALUATOR_TASK,b5,Interpret,Motivational,0.9,8
EVALUATOR_TASK,b5,Interpret,Constructiveness,0.6000000000000001,8
EVALUATOR_TASK,b5,Interpret,Sentiment,0.5,8
EVALUATOR_TASK,b5,Interpret,Accuracy,0.2,8
EVALUATOR_TASK,b5,Interpret,Conciseness,-0.8,8
EVALUATOR_TASK,b5,Summarise,Coherence,1.0,4
EVALUATOR_TASK,b5,Summarise,Motivational,1.0,4
EVALUATOR_TASK,b5,Summarise,Fluency,0.7999999999999999,4
EVALUATOR_TASK,b5,Summarise,Accuracy,0.7999999999999999,4
EVALUATOR_TASK,b5,Summarise,Constructiveness,0.39999999999999997,4
EVALUATOR_TASK,b5,Summarise,Sentiment,0.39999999999999997,4
EVALUATOR_TASK,b5,Summarise,Conciseness,-0.19999999999999998,4
EVALUATOR_TASK,c1,Idea-to-Text,Coherence,0.7000000000000001,8
EVALUATOR_TASK,c1,Idea-to-Text,Conciseness,0.6000000000000001,8
EVALUATOR_TASK,c1,Idea-to-Text,Motivational,0.6000000000000001,8
EVALUATOR_TASK,c1,Idea-to-Text,Sentiment,0.4,8
EVALUATOR_TASK,c1,Idea-to-Text,Fluency,-0.4,8
EVALUATOR_TASK,c1,Idea-to-Text,Constructiveness,-0.6000000000000001,8
EVALUATOR_TASK,c1,Idea-to-Text,Accuracy,-0.8,8
EVALUATOR_TASK,c1,Interpret,Accuracy,0.5000000000000001,4
EVALUATOR_TASK,c1,Interpret,Constructiveness,0.5,8
EVALUATOR_TASK,c1,Interpret,Motivational,0.5,8
EVALUATOR_TASK,c1,Interpret,Fluency,0.30000000000000004,8
EVALUATOR_TASK,c1,Interpret,Coherence,0.1,8
EVALUATOR_TASK,c1,Interpret,Sentiment,-0.2,8
EVALUATOR_TASK,c1,Interpret,Conciseness,-0.5,8
EVALUATOR_TASK,c1,Summarise,Constructiveness,1.0,8
EVALUATOR_TASK,c1,Summarise,Conciseness,0.8,8
EVALUATOR_TASK,c1,Summarise,Coherence,0.6000000000000001,8
EVALUATOR_TASK,c1,Summarise,Sentiment,0.5,8
EVALUATOR_TASK,c1,Summarise,Fluency,0.4,8
EVALUATOR_TASK,c1,Summarise,Motivational,0.4,8
EVALUATOR_TASK,c1,Summarise,Accuracy,0.02803860770460222,7
EVALUATOR_TASK,c2,Interpret,Conciseness,0.9,8
EVALUATOR_TASK,c2,Interpret,Motivational,0.8,8
EVALUATOR_TASK,c2,Interpret,Sentiment,0.8,8
EVALUATOR_TASK,c2,Interpret,Coherence,0.7000000000000001,8
EVALUATOR_TASK,c2,Interpret,Fluency,0.30000000000000004,8
EVALUATOR_TASK,c2,Interpret,Accuracy,0.0,8
EVALUATOR_TASK,c2,Interpret,Constructiveness,-0.2,8
EVALUATOR_TASK,c3,Idea-to-Text,Fluency,0.6000000000000001,8
EVALUATOR_TASK,c3,Idea-to-Text,Motivational,0.5,8
EVALUATOR_TASK,c3,Idea-to-Text,Sentiment,0.5,8
EVALUATOR_TASK,c3,Idea-to-Text,Constructiveness,0.30000000000000004,8
EVALUATOR_TASK,c3,Idea-to-Text,Conciseness,0.1,8
EVALUATOR_TASK,c3,Idea-to-Text,Coherence,-0.2,8
EVALUATOR_TASK,c3,Idea-to-Text,Accuracy,-0.2,8
EVALUATOR_TASK,c3,Interpret,Coherence,1.0,8
EVALUATOR_TASK,c3,Interpret,Accuracy,1.0,3
EVALUATOR_TASK,c3,Interpret,Constructiveness,0.9,8
EVALUATOR_TASK,c3,Interpret,Fluency,0.5,8
EVALUATOR_TASK,c3,Interpret,Motivational,0.30000000000000004,8
EVALUATOR_TASK,c3,Interpret,Sentiment,0.1,8
EVALUATOR_TASK,c3,Interpret,Conciseness,-0.30000000000000004,8
EVALUATOR_TASK,c3,Summarise,Fluency,1.0,8
EVALUATOR_TASK,c3,Summarise,Sentiment,0.5,8
EVALUATOR_TASK,c3,Summarise,Conciseness,0.4,8
EVALUATOR_TASK,c3,Summarise,Coherence,0.2,8
EVALUATOR_TASK,c3,Summarise,Constructiveness,0.1,8
EVALUATOR_TASK,c3,Summarise,Motivational,0.1,8
EVALUATOR_TASK,c3,Summarise,Accuracy,0.0,6
EVALUATOR_TASK,c4,Idea-to-Text,Accuracy,1.0,5
EVALUATOR_TASK,c4,Idea-to-Text,Coherence,0.9,8
EVALUATOR_TASK,c4,Idea-to-Text,Constructiveness,0.9,8
EVALUATOR_TASK,c4,Idea-to-Text,Fluency,0.8,8
EVALUATOR_TASK,c4,Idea-to-Text,Conciseness,0.8,8
EVALUATOR_TASK,c4,Idea-to-Text,Sentiment,0.7000000000000001,8
EVALUATOR_TASK,c4,Idea-to-Text,Motivational,0.4,8
EVALUATOR_TASK,c4,Interpret,Constructiveness,0.6000000000000001,8
EVALUATOR_TASK,c4,Interpret,Motivational,0.6000000000000001,8
EVALUATOR_TASK,c4,Interpret,Conciseness,0.30000000000000004,8
EVALUATOR_TASK,c4,Interpret,Coherence,0.2,8
EVALUATOR_TASK,c4,Interpret,Accuracy,-0.08333333333333333,5
EVALUATOR_TASK,c4,Interpret,Sentiment,-0.1,8
EVALUATOR_TASK,c4,Interpret,Fluency,-0.7000000000000001,8
EVALUATOR_TASK,c4,Summarise,Accuracy,0.5539117094069972,6
EVALUATOR_TASK,c4,Summarise,Constructiveness,0.5,8
EVALUATOR_TASK,c4,Summarise,Motivational,0.5,8
EVALUATOR_TASK,c4,Summarise,Sentiment,0.5,8
EVALUATOR_TASK,c4,Summarise,Fluency,0.2,8
EVALUATOR_TASK,c4,Summarise,Coherence,-0.1,8
EVALUATOR_TASK,c4,Summarise,Conciseness,-0.1,8
EVALUATOR_TASK,c5,Idea-to-Text,Accuracy,1.0,3
EVALUATOR_TASK,c5,Idea-to-Text,Fluency,0.8,8
EVALUATOR_TASK,c5,Idea-to-Text,Constructiveness,0.8,8
EVALUATOR_TASK,c5,Idea-to-Text,Sentiment,0.8,8
EVALUATOR_TASK,c5,Idea-to-Text,Coherence,0.6000000000000001,8
EVALUATOR_TASK,c5,Idea-to-Text,Conciseness,0.30000000000000004,8
EVALUATOR_TASK,c5,Idea-to-Text,Motivational,0.1,8
EVALUATOR_TASK,c5,Interpret,Accuracy,0.5000000000000001,5
EVALUATOR_TASK,c5,Interpret,Fluency,0.2,8
EVALUATOR_TASK,c5,Interpret,Motivational,0.2,8
EVALUATOR_TASK,c5,Interpret,Sentiment,0.2,8
EVALUATOR_TASK,c5,Interpret,Conciseness,-0.5,8
EVALUATOR_TASK,c5,Interpret,Constructiveness,-0.5,8
EVALUATOR_TASK,c5,Interpret,Coherence,-0.6000000000000001,8
EVALUATOR_TASK,c5,Summarise,Fluency,1.0,8
EVALUATOR_TASK,c5,Summarise,Sentiment,0.7000000000000001,8
EVALUATOR_TASK,c5,Summarise,Motivational,0.5,8
EVALUATOR_TASK,c5,Summarise,Constructiveness,0.30000000000000004,8
EVALUATOR_TASK,c5,Summarise,Accuracy,0.25000000000000006,6
EVALUATOR_TASK,c5,Summarise,Coherence,-0.6000000000000001,8
EVALUATOR_TASK,c5,Summarise,Conciseness,-1.0,8
TASK,ALL,Idea-to-Text,Coherence,0.5924082253276373,112
TASK,ALL,Idea-to-Text,Constructiveness,0.5797190645137933,112
TASK,ALL,Idea-to-Text,Sentiment,0.4618148577221055,112
TASK,ALL,Idea-to-Text,Fluency,0.44667294185793927,112
TASK,ALL,Idea-to-Text,Conciseness,0.32694048222431393,112
TASK,ALL,Idea-to-Text,Motivational,0.29262001303308954,112
TASK,ALL,Idea-to-Text,Accuracy,0.09308239622311217,87
TASK,ALL,Interpret,Motivational,0.487963780918728,120
TASK,ALL,Interpret,Coherence,0.4573395170789164,120
TASK,ALL,Interpret,Constructiveness,0.41540783274440524,120
TASK,ALL,Interpret,Fluency,0.37900471142520614,120
TASK,ALL,Interpret,Sentiment,0.33392962308598356,120
TASK,ALL,Interpret,Accuracy,0.0749559767259453,88
TASK,ALL,Interpret,Conciseness,-0.01657096584216726,120
TASK,ALL,Summarise,Fluency,0.595499041275608,108
TASK,ALL,Summarise,Constructiveness,0.5312796447673831,108
TASK,ALL,Summarise,Coherence,0.432016348773842,108
TASK,ALL,Summarise,Sentiment,0.3702063780401655,108
TASK,ALL,Summarise,Motivational,0.35962761126248866,108
TASK,ALL,Summarise,Accuracy,0.10377890475092244,89
TASK,ALL,Summarise,Conciseness,-0.155858310626703,108
